Sr No.,PRN
1,T2163211612501
2,T2163211612503
3,T2163211612504
4,T2163211612506
5,T2163211612507
6,T2163211612509
7,T2163211612511
8,T2163211612512
9,T2163211612513
10,T2163211612515
11,T2163211612516
12,T2163211612517
13,T2163211612520
14,T2163211612523
15,T2163211612524
16,T2163211612525
17,T2163211612527
18,T2163211612528
19,T2163211612529
20,T2163211293509
21,T2163211293516
22,T2163211293520
23,T2163211293528
24,T2163211293531
25,2063211191026
26,2506321111101013
27,2506321111101001
28,2506321111101011
29,2506321111101003
30,2506321111101004
31,2506321111101005
32,2506321111101009
33,2506321111101012
34,2506321111101002
35,2506321111101008
36,2506321111101006
37,2506321111101007
38,2506321111101010
39,2506321222241005
40,2506321222241010
41,2506321222241013
42,2506321222241006
43,2506321222241011
44,2506321222241018
45,2506321222241020
46,2506321222241003
47,2506321222241012
48,2506321222241019
49,2506321222241004
50,2506321222241009
51,2506321222241015
52,2506321222241016
53,2506321222241007
54,2506321222241014
55,2506321222241017
56,2506321222241001
57,2506321222241002
58,2506321222241008
59,2506321222241042
60,2506321222241048
61,2506321222241059
62,2506321222241022
63,2506321222241023
64,2506321222241036
65,2506321222241041
66,2506321222241046
67,2506321222241055
68,2506321222241065
69,2506321222241024
70,2506321222241045
71,2506321222241028
72,2506321222241043
73,2506321222241053
74,2506321222241060
75,2506321222241051
76,2506321222241064
77,2506321222241030
78,2506321222241035
79,2506321222241040
80,2506321222241057
81,2506321222241021
82,2506321222241038
83,2506321222241049
84,2506321222241052
85,2506321222241054
86,2506321222241063
87,2506321222241027
88,2506321222241032
89,2506321222241037
90,2506321222241044
91,2506321222241061
92,2506321222241025
93,2506321222241034
94,2506321222241039
95,2506321222241050
96,2506321222241062
97,2506321222241031
98,2506321222241056
99,2506321222241026
100,2506321222241029
101,2506321222241033
102,2506321222241047
103,2506321222241058
